Survey,Site,Occasion,Cnt1,Cnt2,Cnt3,Cnt4,Cnt5,Cnt6,Cnt7,Cnt8,Cnt9,Cnt10,Cnt11,Cnt12,Cnt13,Cnt14,Cnt15,Cnt16,Cnt17,Cnt18,Cnt19,Cnt20,Cnt21,Cnt22,Cnt23,Cnt24,Cnt25,Cnt26,Cnt27,Cnt28,Cnt29,Cnt30,Cnt31
1,KFB_UPS,1,149.9940476,152.2936508,150.9404762,154.7857143,160.422619,146.3214286,160.4980159,158.0972222,155.531746,142.7281746,142.7281746,145.6527778,141.5734127,138.6686508,132.9166667,132.0634921,133.8313492,139.1130952,144.625,139.7559524,137.5734127,141.4285714,139.6428571,138.0218254,137.625,138.2361111,138.2837302,137.7738095,137.4861111,138.375,137.9305556
2,KFS_MID,1,130.2162698,126.8253968,134.5734127,141.9404762,143.6825397,145.5634921,144.1130952,144.1507937,141.6944444,140.7301587,139.8492063,141.5099206,138.0515873,129.8789683,137.6527778,137.8333333,138.7281746,138.4543651,138.0833333,138.3730159,135.3293651,140.4325397,134.8789683,136.3650794,134.7103175,136.5853175,134.125,133.093254,132.1388889,139.9861111,141.0892857
3,KFS_DNS,1,126.6289683,121.8253968,135.3551587,154.8630952,144.3829365,160.0376984,157.4503968,155.0416667,157.7083333,145.1884921,148.5079365,144.3769841,145.7142857,125.3630952,143.8134921,143.8134921,143.8134921,143.8134921,154.8710317,153.7083333,156.5714286,148.0734127,155.6686508,156.8571429,146.9603175,145.1448413,138.6587302,136.1031746,136.5753968,154.5456349,149.1944444
4,MIB_UPS,1,142.9583333,134.2916667,142.0257937,137.2797619,137.0992063,135.906746,138.25,138.8789683,147.609127,138.5853175,137.9702381,138.8710317,138.8710317,139.827381,139.281746,139.1071429,139.6924603,138.3948413,138.5138889,139.9662698,139.0992063,140.8234127,150.6289683,139.5218254,140.9642857,154.5257937,155.4960317,154.2638889,153.0079365,152.5099206,153.4801587
5,MIB_MID,1,142.1210317,134.9365079,129.25,136.9742063,136.9742063,137.3333333,134.9742063,134.9742063,137.7638889,136.6150794,136.6150794,137.5376984,142.2242063,143.5039683,143.5039683,144.4464286,144.2718254,138.5992063,138.8551587,138.8551587,138.8551587,138.8551587,138.8551587,138.8551587,138.8551587,138.8551587,138.8551587,138.8551587,138.8551587,138.8551587,138.8551587
6,MIB_DNS,1,108.4484127,108.1468254,104.0119048,105.8214286,107.3333333,105.922619,108.0674603,108.093254,107.0297619,106.4484127,107.8551587,104.6170635,104.0972222,104.1884921,104.1884921,104.1884921,104.1884921,104.1884921,110.5416667,108.4027778,105.5218254,108.2142857,110.031746,108.577381,107.9484127,112.4980159,106.5238095,107.6150794,109.3511905,106.7718254,112.2103175
7,FUB_UPS,1,133.5793651,125.5,126.0119048,126.1170635,127.1468254,127.5099206,127.1706349,125.6150794,125.7936508,125.4107143,125.4642857,126.0813492,127.422619,127.2619048,129.4424603,129.2559524,127.9126984,127.9126984,128.6964286,128.9305556,130.0555556,130.0198413,130.5337302,128,127.452381,129.3194444,131.1289683,131.2916667,132.0337302,132.031746,131.9206349
8,FUB_MID,1,137.0039683,130.7619048,131.7956349,131.0952381,131.5238095,131.1230159,125.3869048,128.4444444,130.5218254,131.4603175,131.922619,129.6805556,124.9543651,130.0853175,122.172619,120.7261905,120.8194444,122.4543651,130.422619,129.0674603,129.1170635,129.1190476,126.640873,126.3551587,125.343254,124.7460317,123.3988095,123.2361111,122.1845238,121.9861111,123.1388889
9,FUB_DNS,1,135.2698413,133.0535714,132.9623016,132.3928571,131.4900794,131.6686508,132.0396825,132.4761905,131.5376984,131.547619,131.6388889,131.0813492,130.7678571,131.0198413,130.6210317,129.0714286,130.9821429,131.3571429,131.8412698,130.1904762,129.5515873,130.5615079,129.7638889,129.4484127,129.4583333,128.7857143,130.0654762,129.0198413,130.2916667,129.8988095,129.4285714
10,CAB_UPS,1,141.984127,141.0992063,138.8888889,140.1051587,140.8055556,138.2043651,140.234127,139.922619,139.5376984,137.1765873,137.4027778,139.1289683,135.0357143,136.1884921,136.9623016,140.0714286,140.1289683,140.3492063,141.2281746,138.6488095,139.5198413,139.5198413,139.5198413,139.5198413,139.5198413,139.5198413,139.5198413,139.5198413,139.5198413,139.5198413,139.5198413
11,CAB_DNS,1,152.2142857,167.765873,167.5992063,160.5634921,163.3333333,162.4880952,162.515873,161.640873,148.125,147.7440476,145.4404762,139.547619,140.3313492,144.547619,145.1210317,144.4365079,144.5456349,145.0436508,158.6190476,157.7003968,155.9424603,158.077381,158.0019841,159.7460317,143.7757937,154.3095238,156.577381,157.2619048,151.0952381,151.9543651,157.2738095
12,PSB_UPS,1,149.1865079,150.343254,150.0634921,150.5019841,150.3115079,150.0515873,142.7400794,136.1527778,148.2777778,148.3293651,148.0753968,148.031746,139.3809524,142.4920635,143.4325397,142.9900794,144.6924603,145.6230159,136.1746032,133.7261905,126.7043651,133.6488095,130.5595238,124.1607143,124.5079365,126.4563492,126.3353175,126.4920635,133.8650794,125.8313492,125.8015873
13,PSB_DNS,1,155.4484127,155.2440476,155.2261905,154.843254,155.1587302,155.3472222,154.9980159,154.968254,155.0654762,155.1646825,155.0456349,155.2777778,155.0674603,155.077381,155.0238095,154.6150794,154.4325397,154.9007937,154.6884921,154.6428571,154.6428571,150.3392857,150.3392857,149.1130952,148.859127,148.75,150.6289683,149.9424603,148.6646825,149.9662698,149.7837302
14,GUN_UPS,1,104.531746,109.6289683,115.5575397,110.3492063,111.9960317,110.156746,110,110.3968254,112.9365079,108.4404762,111.2718254,109.5654762,109.8392857,111.8214286,109.2757937,111.5436508,109.3888889,108.0337302,110.6150794,109.1289683,109.1289683,109.1289683,109.1289683,109.1289683,109.1289683,109.1289683,109.1289683,109.1289683,109.1289683,109.1289683,109.1289683
15,GUN_DNS,1,,,,,,,,,,,,,,,,,,,,,,,,,,,,,,,
16,KFB_UPS,2,137.9384921,144.0535714,146.7896825,146.0555556,153.4761905,149.9900794,144.9246032,144.3650794,143.0515873,145.8690476,139.6547619,151.3115079,143.4146825,142.406746,154.390873,141.4345238,143.718254,145.3472222,143.922619,146.5654762,150.7142857,147.968254,141.3134921,144.0952381,140.5257937,140.5257937,141.6448413,134.5873016,133.9543651,133.7361111,131.2599206
17,KFS_MID,2,152.0734127,154.2559524,149.3194444,154.4900794,151.6507937,150.968254,141.1944444,142.3829365,152.3710317,140.984127,140.984127,145.2956349,151.0853175,148.7480159,149.0138889,143.1150794,141.0793651,141.0793651,142.031746,139.922619,142.5734127,143.1369048,143.0396825,143.0039683,137.8611111,138.3670635,143.6111111,134.218254,139.0456349,141.6329365,140.5753968
18,KFS_DNS,2,145.9980159,136.2837302,136.8948413,143.5456349,135.8194444,141.9484127,136.8730159,141.2599206,143.3531746,140.6329365,136.3412698,139.2896825,139.2896825,137.4781746,136.906746,135.5793651,137.0575397,136.9623016,137.5019841,135.0595238,135.547619,135.4801587,134.2301587,133.7916667,132.4722222,132.9186508,142.1666667,133.7619048,133.859127,133.859127,130.7519841
19,MIB_UPS,2,157.3948413,158.5019841,151.5634921,157.5555556,155.1924603,152.7936508,150.5218254,151.0714286,151.7003968,157.8234127,153.6190476,155.9186508,157.1924603,155.8869048,153.4424603,145.2142857,153.9384921,157.4900794,158.4087302,154.0575397,156.4642857,155.3234127,156.1329365,156.8035714,154.5912698,158.4126984,156.5694444,153.3412698,148.6150794,156.2619048,158.4126984
20,MIB_MID,2,152.4543651,144.6388889,135.875,147.0674603,144.4761905,141.8511905,140.2420635,139.7738095,140.797619,148.2440476,142.375,142.6309524,142.7400794,142.5218254,139.5396825,143.4107143,148.5337302,143.968254,151.0436508,142.7579365,145.7757937,151.0059524,148.0595238,146.6190476,149.890873,149.5813492,148.9960317,150.3888889,153.0753968,144.6607143,152.3869048
21,MIB_DNS,2,135.4702381,127.0892857,130.1805556,142.8829365,135.9384921,129.5456349,129.4623016,120.3869048,116.0079365,134.6865079,134.2698413,124.0218254,123.6865079,123,126.5277778,127.7559524,131.1904762,123.6488095,120.1527778,120.7956349,118.1507937,108.8313492,128.9801587,113.6607143,121.5337302,114.8710317,118.4861111,128.343254,112.8174603,122.6111111,113.7202381
22,FUB_UPS,2,151.8988095,143.8650794,143.1884921,142.8492063,141.8710317,142.9444444,142.1547619,143.2599206,119.1111111,141.6706349,142.640873,139.2142857,137.1944444,136.0654762,131.2579365,134.3670635,132.7619048,132.5,127.3333333,123.2480159,129.9206349,129.2361111,118.0615079,113.0595238,124.6150794,124.7698413,123.4603175,123.2539683,122.9642857,123.1071429,122.6111111
23,FUB_MID,2,140.9662698,139.2896825,138.6884921,138.9444444,138.6785714,138.6785714,138.8571429,138.8571429,138.4424603,138.2380952,140.4007937,140.4007937,140.6071429,140.6071429,137.4940476,105.5873016,98.49206349,137.484127,137.484127,136.4900794,133.531746,136.9484127,138.5714286,137.0079365,135.359127,136.734127,109.5019841,136.3035714,136.2043651,137.8095238,121.3650794
24,FUB_DNS,2,138.3075397,136.5277778,136.2698413,135.6547619,135.4702381,135.6904762,135.4146825,135.1507937,136.3293651,135.077381,134.8452381,134.4503968,133.4801587,132.281746,132.718254,103.5099206,101.2123016,126.3928571,129.0555556,129.6150794,131.1507937,132.2757937,130.7103175,131.3769841,130.2420635,128.0277778,128.9960317,128.2837302,122.4583333,132.6051587,121.3650794
25,CAB_UPS,2,144.5615079,139.8472222,144.531746,142.2857143,142.6706349,140.4563492,139.8630952,145.4047619,142.6785714,141.8452381,144.1626984,140.718254,146.1884921,144.8710317,144.6269841,142.1686508,139.1706349,145.0257937,140.327381,140.4186508,141.1547619,139.6448413,144.4761905,144.1765873,136.5674603,132.7400794,157.9742063,145.0634921,134.3789683,150.7063492,152.172619
26,CAB_DNS,2,149.5515873,151.8968254,148.6507937,151.4345238,152.3373016,152.9742063,154.5277778,153.8670635,153.7777778,152.8809524,144.9087302,141.5019841,129.8888889,129.5535714,141.0634921,141.9365079,143.1468254,146.6547619,150.4464286,152.5,151.9444444,149.8869048,146.2619048,142.4146825,139.7321429,133.7281746,127.1428571,137.547619,129.3888889,145.4126984,148.5079365
27,PSB_UPS,2,119.5634921,110.3571429,105.9007937,111.0416667,109.4781746,112.3075397,110.4285714,111.5813492,109.859127,110.9265873,117.6269841,115.5198413,110.6845238,109.5535714,114.8650794,113.7261905,109.0019841,108.7777778,109.8075397,110.5813492,114.2480159,116.468254,116.3492063,113.5337302,114.327381,107.7242063,109.8948413,110.4940476,109.6150794,107.0714286,109.8015873
28,PSB_DNS,2,120.2123016,114.4424603,112.6190476,115.297619,110.2678571,117.984127,108.2420635,115.4305556,112.3769841,119.3611111,118.5198413,119.8690476,121.297619,120.8134921,121.7559524,120.0238095,116.8313492,117.8670635,116.3412698,119.4305556,120.2043651,121.922619,121.4424603,121.2321429,119.6210317,119.2718254,118.4801587,120.8194444,120.1428571,120.1428571,119.9265873
29,GUN_UPS,2,152.5694444,152.0753968,153.156746,151.1349206,148.5376984,149.9325397,150.7063492,149.2698413,149.1706349,149.1785714,147.7539683,149.218254,146.577381,145.9424603,145.1150794,143.7738095,144.9206349,140.3928571,144.0952381,141.8809524,141.8809524,141.8809524,141.8809524,141.8809524,141.8809524,141.8809524,141.8809524,141.8809524,141.8809524,141.8809524,141.8809524
30,GUN_DNS,2,108.406746,109.8313492,109.8313492,107.2777778,109.2142857,109.9047619,108.9543651,109.2480159,109.5892857,109.5892857,111.0297619,109.8134921,108.9047619,107.9880952,111.6170635,107.9305556,110.9424603,110.4603175,111.4603175,111.9424603,107.781746,110.0813492,110.5178571,112.390873,112.390873,109.8829365,110.4781746,110.4781746,112.0178571,112.515873,111.9861111
31,KFB_UPS,3,151.7539683,155.0496032,146.8531746,149.406746,147.2996032,147.0337302,148.968254,149.0912698,147.7579365,147.9325397,146.9424603,146.7956349,145.6944444,146.4761905,148.2777778,143.6190476,147.3492063,145.8710317,151,149.1230159,148.0019841,150.0277778,152.3948413,155.952381,157.6646825,153.5694444,154.5436508,148.9980159,148.4821429,156.0079365,160.1865079
32,KFS_MID,3,145.702381,140.9027778,141.7678571,140.5238095,139.3511905,139.1666667,138.9285714,138.4166667,138.2281746,138.5813492,138.4880952,138.7837302,139.6130952,137.4821429,138.0952381,137.422619,138.2222222,137.0019841,137.5595238,138.5337302,138.3015873,138.3948413,139.2738095,141.0555556,140.8630952,142.4940476,143.922619,143.6428571,143.2063492,141.8789683,143.297619
33,KFS_DNS,3,145.0793651,139.2678571,138.6984127,138.5952381,138.6130952,137.5515873,137.1527778,136.8611111,136.2638889,136.8253968,136.7103175,136.4345238,136.4305556,136.1924603,136.7222222,136.1428571,135.2519841,136.2301587,136.093254,136.1587302,136.9880952,137.7519841,137.4345238,137.8253968,139.3134921,140.0575397,139.8710317,139.8710317,145.1111111,144.093254,142.0238095
34,MIB_UPS,3,152.7519841,150.2579365,151.577381,150.2599206,151.3988095,150.7916667,150.7361111,153.0178571,153.2638889,151.2103175,152.6170635,153.5694444,153.8928571,153.6924603,152.5873016,153.1230159,152.2956349,151.9484127,152.7103175,152.6349206,153.9503968,153.3392857,150.4583333,148.359127,146.2777778,149.1765873,152.1706349,151.202381,152.4087302,151.156746,150.5059524
35,MIB_MID,3,144.5833333,146.5198413,147.7996032,147.8035714,147.1547619,148.1884921,147.9146825,146.7896825,144.6388889,146.0138889,148.5992063,147.3115079,148.4503968,146.6369048,148.968254,148.4484127,148.406746,146.8730159,147.0873016,146.8392857,146.3769841,143.797619,143.9742063,147.0059524,147.0555556,147.390873,144.5,148.6051587,148.1607143,148.7083333,145.2003968
36,MIB_DNS,3,132.968254,126.6071429,139.0892857,130.0376984,130.2361111,127.7896825,128.6428571,126.6984127,130.8154762,126.8690476,127.7896825,128.8988095,125.2797619,127.4801587,131.5535714,140.515873,130.843254,129.968254,129.5753968,140.6468254,134.5297619,139.0734127,136.8849206,139.781746,133.5793651,137.7619048,135.9444444,125.5813492,129.7738095,126.9642857,129.4126984
37,FUB_UPS,3,112,121.2718254,112.515873,114.359127,109.1150794,108.9920635,109.8035714,109.1646825,109.3789683,107.9027778,106.5257937,104.4801587,104.8888889,104.8730159,105.7202381,105.4027778,106.2242063,106.7261905,107.0019841,107.9603175,107.9424603,107.6289683,108.6190476,108.0634921,109.3174603,109.4781746,109.0734127,107.7142857,110.1746032,115.6309524,110.0019841
38,FUB_MID,3,138.1111111,134.9761905,135.4007937,134.3095238,133.9484127,134.859127,135.2619048,134.5337302,135.593254,132.1170635,138.2718254,140.3095238,140.0753968,141.1269841,138.7638889,138.640873,138.8452381,138.6011905,138.4285714,137.9087302,139.6865079,137.3670635,138.2539683,139.0992063,138.3769841,137.3472222,136.8174603,137.4583333,136.8531746,135.4821429,135.7242063
39,FUB_DNS,3,133.2539683,130.8214286,129.9980159,129.734127,130.281746,129.9603175,130.390873,130.015873,129.6924603,129.6646825,128.6071429,128.8472222,128.8730159,131.3789683,130.7837302,130.3988095,130.3571429,130.4285714,128.9444444,127.4384921,127.1130952,127.8829365,123.5873016,125.9404762,126.093254,125.5952381,122.9345238,123.4603175,123.4960317,120.7678571,126.7916667
40,CAB_UPS,3,,,,,,,,,,,,,,,,,,,,,,,,,,,,,,,
41,CAB_DNS,3,153.5357143,168.0793651,168.2103175,167.2678571,167.7420635,167.5277778,168.2400794,168.6349206,165.7599206,168.2103175,167.9027778,167.2420635,166.3928571,166.8511905,157.6289683,156.5119048,155.1349206,153.5198413,153.3551587,155.984127,156.8730159,156.8730159,156.8730159,155.2896825,156.8571429,154.6289683,156.5753968,156.7579365,157.5853175,156.3472222,156.3472222
42,PSB_UPS,3,144.2380952,141.8095238,140.9246032,140.7480159,139.7083333,141.0297619,141.4543651,142.1428571,142.8630952,143.1388889,143.6825397,144.4007937,146.0853175,147.0019841,148.5892857,149.0218254,149.3789683,148.7857143,149.1646825,149.5079365,148.7996032,147.3313492,146.8253968,145.7480159,145.8253968,144.6587302,146.0753968,146.5198413,149.2361111,148.4027778,144.5952381
43,PSB_DNS,3,129.5912698,127.7142857,126.9146825,126.7480159,126.3630952,126.6785714,126.5575397,127.7638889,127.4821429,127.5396825,127.2440476,127.3234127,127.2420635,128.1309524,127.9821429,128.1944444,127.9107143,128.1547619,128.3313492,128.0496032,127.8888889,127.3988095,127.7638889,127.7142857,127.2777778,126.2678571,126.577381,126.4246032,127.0615079,126.7757937,127.2281746
44,GUN_UPS,3,148.2281746,148.9722222,146.4960317,147.9781746,146.7857143,147.8888889,149.1448413,148.9781746,148.1388889,147.4444444,147.4047619,145.4761905,151.6626984,151.0119048,152.2043651,151.9285714,152.4146825,152.4880952,151.4305556,153.5753968,151.7222222,144.6666667,144.1329365,144.5119048,143.4880952,144.2916667,144.5555556,143.5277778,143.6686508,144.172619,145.2281746
45,GUN_DNS,3,148.1904762,149.3194444,146.6011905,148.8333333,146.9107143,147.702381,148.8928571,149.031746,147.359127,148.0813492,148.1468254,145.952381,152.0595238,151.2281746,152.6448413,151.1349206,151.9722222,152.1884921,151.4345238,152.9662698,150.4305556,144.5376984,144.2043651,145.0753968,143.8154762,144.6051587,144.0019841,144.093254,143.5337302,144.4424603,145.5357143
46,KFB_UPS,4,142.5853175,113.9444444,140.6607143,140.6051587,140.8333333,141.5277778,156.1468254,139.6111111,141,140.7142857,141.531746,140.5813492,150.5853175,116.734127,147.5555556,146.8551587,147.7619048,147.0297619,147.5912698,138.5595238,134.1051587,136.9563492,129.0873016,142.8928571,141.2519841,140.7698413,143.0813492,141.2718254,139.6706349,142.2996032,144.2619048
47,KFS_MID,4,116.047619,113.9444444,137.1051587,136.9424603,138.7261905,137.1031746,133.1746032,132.265873,134.640873,137.0119048,135.5198413,131.75,119.1011905,116.734127,109.734127,109.5238095,108.3829365,109.5079365,109.5337302,132.4761905,133.7480159,139.0396825,114.5,104.765873,105.8313492,105.7579365,105.625,106.2876984,106.7857143,106.640873,107.656746
48,KFS_DNS,4,149.3214286,132.9365079,137.2857143,145.1964286,145.9642857,143.5654762,142.4384921,141.3472222,143.5357143,139.9761905,139.6468254,138.8670635,142.3353175,144.2123016,142.2857143,138.6269841,138.6924603,138.4246032,138.8234127,140.7896825,140.4563492,138.1904762,135.9027778,141.6349206,137.5833333,137.8333333,135.4583333,139.5555556,134.5515873,132.2480159,131.5853175
49,MIB_UPS,4,124.2103175,122.9464286,123.9007937,136.2599206,123.0079365,123.7638889,123.3492063,122.6765873,121.6150794,122.0714286,122.3849206,122.0654762,121.3551587,121.9960317,122.1388889,122.077381,122.6488095,122.2043651,121.1269841,121.3075397,122.2460317,121.9464286,121.0456349,121.1448413,122.1706349,121.2619048,121.3134921,120.2281746,123.8571429,121.1884921,121.1388889
50,MIB_MID,4,145.7777778,136.0416667,135.5793651,136.2599206,136.2539683,135.1210317,135.6845238,136.1269841,135.0634921,135.3333333,134.3392857,135.3829365,135.1230159,135.0059524,135.031746,135.2539683,135.2896825,134.5833333,133.7956349,134.2380952,134.9305556,134.3948413,133.5218254,123.3392857,133.5595238,133.0634921,133.0496032,121.75,121.0615079,133.7896825,133.640873
51,MIB_DNS,4,128.3075397,124.9920635,140.6607143,127.9940476,124.1944444,123.484127,123.4662698,125.9583333,124.3293651,122.4265873,126.6845238,122.4861111,120.7559524,125.5337302,123.452381,120.4325397,124.1349206,126.7599206,125.6369048,127.7380952,124.5496032,125.8035714,124.3571429,123.3392857,128.0515873,122.5198413,126.4821429,125.9583333,119.4305556,124.0257937,144.2619048
52,FUB_UPS,4,120.7242063,108.609127,109.656746,107.7936508,108.6448413,108.6309524,110.3353175,109.6051587,109.5535714,112.3134921,112.2202381,114.3730159,114.9107143,116.265873,116.6507937,122.8511905,120.3472222,116.2480159,114.5634921,115.3075397,113.8611111,112.6845238,109.9662698,115.6329365,113.1071429,111.6845238,113.6924603,110.1845238,110.952381,109.4662698,110.7718254
53,FUB_MID,4,107.234127,102.1746032,103.0972222,104.1309524,106.1884921,105.5535714,110.2261905,107.9444444,106.8968254,103.8214286,106.9345238,108.6646825,108.6388889,108.7301587,108.8869048,109.781746,106.1289683,109.515873,107.8630952,106.7559524,105.8333333,103.4464286,107.2837302,104.5793651,105.281746,105.4206349,105.6626984,108.1785714,105.2321429,105.3115079,104.0615079
54,FUB_DNS,4,108.2043651,106.218254,106.8472222,107.9583333,106.2083333,106.5714286,107.859127,106.9761905,107.2896825,110.3869048,106.2718254,109.5277778,109.2242063,109.8809524,110.4940476,112.0952381,110.1785714,108.6924603,109.8154762,108.4325397,107.9742063,106.8154762,110.5396825,107.734127,108.4940476,109.5079365,108.6329365,110.0337302,108.0376984,106.922619,107.6150794
55,CAB_UPS,4,148.7043651,163.8928571,163.3829365,163.2559524,162.5535714,163.5019841,161.9900794,163.4404762,162.531746,162.7757937,162.0753968,162.8531746,162.8730159,164.2638889,164.625,162.6845238,162.781746,163.0912698,159.6130952,160.2103175,161.5218254,156.4603175,152.5535714,159.9007937,160.1607143,160.9662698,161.5337302,160.4146825,162.3253968,161.6031746,163.4960317
56,CAB_DNS,4,153.4365079,154.8234127,151.8789683,151.6785714,152.5357143,154.1984127,150.656746,151.9623016,152.015873,152.4642857,153.0416667,151.3611111,150.25,150.6289683,151.4861111,161.2380952,163.4206349,162.6031746,161.2123016,161.1388889,160.1607143,156.5257937,156.7261905,160.2222222,159.4781746,161.0952381,161.5694444,160.6944444,159.6924603,159.1746032,154.5952381
57,PSB_UPS,4,118.8571429,115.6527778,115.9821429,116.3829365,117.3551587,116.9603175,117.2519841,119.0079365,113.9325397,116.0396825,113.781746,95.00992063,94.31150794,95.98611111,96.6547619,99.21031746,101.8551587,107.5892857,105.0952381,105.0178571,103.2380952,103.2003968,107.8888889,109.0952381,107.9603175,109.1884921,113.5515873,112.125,93.26190476,110.3948413,110.3948413
58,PSB_DNS,4,92.21031746,93.48214286,93.07936508,92.03373016,92.17857143,91.74404762,90.8531746,89.43452381,88.94047619,89.35119048,87.59126984,84.90873016,121.3551587,74.88095238,77.01785714,78.73214286,81.56746032,85.08928571,90.44047619,96.04960317,96.625,96.99801587,96.89880952,95.76190476,95.06746032,94.88492063,93.87103175,93.02579365,93.26190476,93.46626984,95
59,GUN_UPS,4,151.6170635,141.5595238,140.2103175,143.8670635,130.4047619,131.8412698,129.7003968,130.9325397,131.0238095,130.7857143,134.0555556,133.3015873,133.3015873,135.6111111,131.0019841,132.8769841,135.0615079,136.4007937,137.7757937,136.9642857,135.9662698,139.6448413,141.4623016,140.7420635,140.3134921,139.6011905,139.9146825,139.5555556,151.922619,146.1388889,131.9583333
60,GUN_DNS,4,152.6269841,156.0575397,136.2797619,148.1190476,145.8095238,147.4047619,142.4345238,142.6488095,143.7142857,145.1666667,144.1785714,142.6309524,143.7996032,149.7599206,116.6507937,147.5734127,150.2440476,147.015873,147.8531746,148.1964286,148.7837302,150.7380952,148.875,146.8769841,136.2539683,145.6130952,146.0634921,143.4007937,141.8968254,145.1269841,145.1111111
61,KFB_UPS,5,,,,,,,,,,,,,,,,,,,,,,,,,,,,,,,
62,KFS_MID,5,137.2242063,134.922619,133.6190476,162.827381,133.2757937,132.4662698,132.4146825,132.8531746,132.5059524,132.2083333,132.4107143,132.547619,131.5734127,128.7519841,132.4563492,130.9603175,131.5297619,131.8373016,131.2083333,131.7202381,131.3690476,130.3115079,129.9186508,130.1309524,130.3115079,129.547619,129.8015873,128.9404762,127.4384921,128.827381,129.4861111
63,KFS_DNS,5,152.8194444,163.0337302,163.0277778,162.827381,163.4305556,163.5257937,163.8452381,162.093254,163.0992063,163.7519841,162.9543651,161.906746,162.8789683,122.2003968,161.6666667,162.0198413,159.7936508,159.0793651,159.1269841,160.1051587,159.9305556,129.0793651,159.906746,157.1507937,157,155.5753968,155.9861111,156.6170635,158.5615079,157.9543651,158.0059524
64,MIB_UPS,5,144.2440476,149.4543651,149.1349206,148.6210317,148.6924603,148.7519841,148.7440476,148.9980159,148.7559524,149.2043651,148.8234127,149.25,148.8769841,149.2043651,148.5496032,148.672619,149.0833333,148.1388889,148.4464286,148.6269841,148.952381,148.656746,148.4563492,147.5992063,148.5496032,148.6369048,149.0972222,148.75,148.5595238,148.6488095,150.3154762
65,MIB_MID,5,160.047619,166.8452381,167.3313492,167.3670635,167.7936508,167.327381,167.7003968,167.3710317,167.3710317,167.3710317,167.3710317,167.3710317,167.3710317,167.3710317,167.3710317,167.3710317,167.3710317,167.3710317,168.6825397,168.2519841,168.1369048,167.9404762,167.9543651,163.2559524,168.4305556,167.4265873,168.2579365,158.015873,155.3194444,168.031746,155.5575397
66,MIB_DNS,5,153.7996032,162.0992063,160.4503968,159.5535714,163.4503968,161.0714286,161.1309524,162.2222222,161.7123016,159.2202381,161.5674603,161.0138889,160.6765873,161.2619048,161.4702381,160.5099206,161.1884921,159.2599206,162.4404762,160.6626984,161.9444444,161.672619,162.3174603,159.7123016,158.4325397,162.0654762,161.4980159,160.5952381,161.8531746,161.3214286,160.6765873
67,FUB_UPS,5,147.5753968,143.7202381,144.5515873,143.5694444,143.2460317,141.7103175,142.4325397,141.1865079,138.6666667,137.0734127,137.3730159,136.5813492,136.1607143,137.1369048,136.5,138.8492063,128.9861111,125.8710317,138.422619,139.2777778,139.797619,139.343254,139.1984127,138.2936508,137.6626984,138.4702381,135.1924603,117.3511905,124.1051587,121.4563492,122.3154762
68,FUB_MID,5,140.5654762,140.8869048,139.4861111,140.7559524,140.6507937,139.3928571,139.4325397,140.6507937,137.4007937,136.6071429,137.468254,141.359127,140.640873,138.7896825,137.1230159,134.6746032,128.6607143,122.6150794,137.6666667,140.1924603,139.9166667,145.3452381,143.2222222,139.4900794,142.0416667,142.5992063,123.9444444,117.3511905,119.2539683,117.1428571,119.2837302
69,FUB_DNS,5,136.3452381,137.4543651,136.9345238,137.3948413,135.7916667,136.7063492,136.1686508,136.484127,135.1051587,136.0992063,136.2619048,136.7956349,139.8214286,138.8769841,137.1230159,132.6547619,134.2043651,133.015873,128.1884921,139.0277778,139.3452381,138.9027778,153.2222222,139.4900794,139.7638889,139.6150794,139.3789683,126.593254,122.2599206,122.9920635,122.5039683
70,CAB_UPS,5,144.1309524,148.0972222,146.5892857,143.5515873,152.9484127,142.3373016,141.3511905,144.3551587,146.7619048,146.2777778,145.952381,139.9484127,141.4107143,143.4186508,146.0992063,154.531746,143.3472222,145.3095238,148.4563492,142.4265873,154.7956349,146.7480159,153.2222222,136.9305556,142.3154762,144.5337302,144.5416667,146.343254,152.093254,157.5,147.4503968
71,CAB_DNS,5,139.2043651,133.5873016,133.2718254,133.2579365,131.7698413,130.2757937,137.3154762,147.9940476,149.3492063,151.4662698,151.1765873,149.5337302,146.0873016,155.890873,136.6984127,151.4027778,148.6130952,142.4623016,105.0952381,133.765873,132.2003968,133.3551587,136.2420635,137.4722222,142.4623016,142.0039683,145.0853175,135.1646825,93.26190476,155.5813492,133.718254
72,PSB_UPS,5,120.0496032,123.3452381,117.5515873,122.0337302,120.8452381,123.0674603,124.7083333,121.1051587,121.7242063,122.6825397,122.4365079,121.4087302,116.2400794,119.2599206,113.0575397,117.890873,119.6547619,119.9265873,114.5595238,115.6190476,115.6111111,115.3353175,115.0833333,115.1825397,119.9484127,116.8373016,117.4543651,116.2837302,116.515873,119.4206349,120.6527778
73,PSB_DNS,5,144.0119048,141.4801587,141.2797619,141.3988095,142.343254,142.6964286,142.4623016,142.7361111,142.6944444,142.7996032,143.3234127,143.1547619,143.6984127,143.25,142.7579365,143.5337302,143.5694444,143.8353175,142.9087302,143.1011905,141.4563492,142.2896825,144.2083333,143.0714286,144.0396825,143.6150794,143.1051587,144.0456349,143.2678571,143.7936508,144.4404762
74,GUN_UPS,5,130.8968254,125.1170635,124.0496032,126.5059524,122.6686508,126.7777778,135.1230159,136.1111111,132.2638889,142.047619,137.3730159,137.5515873,130.1666667,122.2003968,128.6448413,140.234127,133.7123016,131.8710317,137.1349206,127.484127,129.656746,129.0793651,128.9543651,128.5,142.0912698,135.9742063,135.3670635,128.4900794,122.9900794,145.6646825,145.6646825
75,GUN_DNS,5,,,,,,,,,,,,,,,,,,,,,,,,,,,,,,,
76,KFB_UPS,6,127.843254,122.1805556,118.6388889,129.5535714,122.6984127,120.718254,138.9603175,130.5039683,132.8968254,114.0714286,116.5912698,111.4563492,130.890873,121.8809524,136.5674603,127.7539683,126.8571429,130.8571429,121.0297619,128.2678571,130.593254,126.3670635,116.7638889,125.4940476,116.4444444,121.4384921,126.3730159,126.5615079,106.4146825,114.7956349,124.8630952
77,KFS_MID,6,117.9662698,121.7896825,121.7936508,120.0079365,125.6746032,122.531746,119.5972222,124.3670635,122.3452381,119.875,124.9047619,132.4464286,127.1071429,132.7996032,125.6369048,131.8194444,131.0714286,131.9960317,133.9543651,132.6646825,128.0496032,115.7599206,115.5039683,120.8313492,114.8055556,118.1746032,116.9087302,125.2539683,120.8988095,118.8313492,129.6547619
78,KFS_DNS,6,146.0099206,146.4404762,147.6011905,144.9027778,147.6646825,146.9761905,138.8789683,144.6666667,147.9285714,143.9503968,134.4464286,142.5079365,133.9404762,147.2301587,133.5416667,138.9880952,138.0277778,141.1765873,146.7400794,147.4503968,148.7043651,147.452381,149.6468254,148.3452381,148.1130952,142.5892857,129.3055556,145.7896825,146.2043651,138.3392857,132.9543651
79,MIB_UPS,6,159.75,155.8789683,155.0555556,155.2638889,155.3313492,155.577381,155.3829365,155.2142857,155.7380952,155.1607143,155.1626984,155.0178571,155.234127,155.5079365,155.2003968,155.0873016,155.1666667,155.2142857,163.1805556,163.4861111,153.7638889,155.0813492,156.1289683,157.8789683,155.0654762,154.5912698,154.8809524,154.4384921,155.0178571,154.1626984,155.4801587
80,MIB_MID,6,142.1646825,146.6964286,146.7638889,146.5019841,146.7083333,146.4305556,147.2043651,147.9047619,146.8353175,147.093254,147.2083333,146.9662698,146.7738095,146.7380952,146.0972222,145.8253968,146.6924603,145.3630952,145.6884921,145.7460317,145.718254,146.8055556,146.6547619,145.3690476,146.7063492,145.1984127,146.1428571,146.3769841,145.9027778,145.6865079,146.3630952
81,MIB_DNS,6,160.4047619,149.5555556,149.6210317,148.6746032,149.5992063,148.1011905,147.1210317,148.1785714,149.4365079,149.3571429,149.0297619,149.5257937,148.9206349,148.7123016,150.093254,150.202381,151.140873,148.5059524,149.468254,147.9146825,148.0396825,150.1210317,151.6170635,151.9960317,151.4821429,151.0674603,152.2916667,151.6269841,150.2162698,152.9940476,151.8234127
82,FUB_UPS,6,128,121.7916667,120.8829365,122.577381,125.0198413,120.25,125.2718254,126.0694444,128.8928571,125.797619,124.6170635,124.4980159,123.7301587,124.6329365,125.3789683,125.2440476,123.047619,124.9781746,123.9484127,123.5019841,121.7043651,126.9880952,127.3313492,126.2797619,128.8293651,127.2460317,126.218254,125.1805556,127.0357143,129.0456349,129.6626984
83,FUB_MID,6,116.797619,113.2777778,114.7043651,117.2857143,116.4960317,116.7619048,117.7837302,116.859127,112.6646825,116.0714286,113.3115079,117.1825397,115.265873,115.8809524,117.5277778,118.2222222,118.1626984,118.2202381,114.7857143,116.6686508,118.0198413,119.375,118.2797619,120.6765873,121.5992063,121.1805556,123.4305556,121.1369048,122.0297619,122.1269841,121.7202381
84,FUB_DNS,6,132.1904762,112.9345238,127.6825397,128.5654762,127.2162698,128.922619,129.8968254,133.5416667,117.468254,113.5912698,122.359127,132.5238095,134.0595238,132.5456349,136.1765873,133.1845238,131.9146825,131.8234127,131.109127,127.9960317,131.6011905,135.6706349,135.2738095,134.4186508,136.4563492,137.4821429,136.656746,136.5992063,135.9484127,135.5833333,133.7123016
85,CAB_UPS,6,149.375,150.7678571,150.031746,149.8690476,149.4186508,149.0734127,149.9662698,150.4642857,150.5813492,152.0496032,151.8134921,151.0615079,151.0376984,150.4365079,150.4265873,150.6210317,149.6984127,149.6349206,149.3373016,149.5297619,149.3154762,149.984127,150.156746,149.5416667,149.9722222,149.5496032,149.6924603,148.9166667,148.265873,149.4285714,148.8333333
86,CAB_DNS,6,145.2559524,140.5337302,139.6031746,134.6130952,136.9623016,141.9087302,140.0198413,139.8452381,140.9722222,139.8194444,141.3650794,141.9107143,139.9503968,140.7063492,140.7222222,141.2123016,140.6984127,139.7043651,140.4702381,140.0198413,140.3234127,140.1746032,140.702381,140.2698413,139.9305556,138.4265873,140.8650794,132.6111111,135.8293651,135.3392857,138.7281746
87,PSB_UPS,6,149.2638889,142.0992063,142.9424603,143.5753968,145.1944444,145.6825397,135.3134921,122.4722222,121.5793651,144.7777778,144.2321429,142.327381,142.1448413,144.0138889,146.8690476,147.2638889,133.359127,135.593254,147.3849206,147.1468254,147.172619,147.4642857,147.4345238,148.1746032,147.6607143,148.0496032,147.7480159,147.6765873,148,147.5119048,147.3511905
88,PSB_DNS,6,129.0753968,126.515873,126.5793651,126.5416667,126.2936508,126.6150794,125.640873,119.5257937,119.5892857,127.7678571,126.7619048,127.3630952,126.734127,129.031746,130.5734127,130.9960317,124.3353175,129.0059524,129.6765873,129.9166667,129.9484127,128.7916667,128.2281746,126.5,127.7916667,127.7222222,128.2361111,127.8075397,128.2777778,128.5992063,128.2797619
89,GUN_UPS,6,145.1388889,137.3174603,137.5079365,135.0912698,133.6865079,132.4206349,135.8075397,136.75,135.3849206,134.5595238,136.2876984,134.6884921,132.202381,132.4920635,130.515873,129.5912698,130.422619,131.2420635,130.047619,130.3611111,126.8968254,125.7480159,125.7996032,123.2420635,130.9960317,128.234127,129.3611111,127.0734127,132.3789683,128.25,132.8035714
90,GUN_DNS,6,152.1488095,146.9246032,145.1130952,146.1388889,144.7698413,142.8055556,144.0892857,144.1805556,145.7162698,144.468254,144.6686508,141.9345238,139.7222222,137.5515873,135.4444444,133.890873,134.2222222,134.8333333,134.7420635,134.0873016,132.9583333,132.3472222,132.5853175,144.7400794,143.3392857,144.8869048,142.4265873,142.2083333,143.6507937,143.6031746,143.5257937
91,KFB_UPS,7,146.1150794,142.5654762,147.0277778,144.3035714,144.2698413,145.4583333,142.4007937,145.8968254,143.7718254,147.656746,149.1587302,137.8412698,141.2202381,140.4980159,141,135.5595238,133.656746,134.2361111,137.6269841,139.6964286,147.1150794,142.2043651,150.125,149.8115079,148.4186508,140.4861111,132.577381,127.7757937,124.4980159,122.9702381,120.8789683
92,KFS_MID,7,139.406746,141.1865079,142.1111111,142.8075397,142.1845238,142.1746032,141.5496032,138.827381,137.5396825,131.5833333,129.6448413,130.5079365,129.3392857,127.9464286,124.6349206,124.9007937,124.6170635,128.6329365,132.984127,136.4345238,138.5337302,138.0634921,137.4821429,132.2876984,126.6190476,123.8075397,115.2956349,110.2380952,109.8630952,106.3412698,107.109127
93,KFS_DNS,7,132.1190476,126.9305556,126.5218254,130.2797619,131.9305556,130.8630952,130.2480159,129.5992063,129.7757937,127.3809524,125.6706349,125.6527778,125.047619,123.8154762,121.6924603,120.6051587,119.7361111,122.8412698,125.9246032,128.2718254,130.3472222,130.5972222,131.2936508,127.077381,123.4543651,119.8154762,116.8630952,112.7123016,110.9206349,108.9404762,108.0535714
94,MIB_UPS,7,131.797619,129.7678571,128.4960317,129.0138889,127.9186508,127.3234127,126.2559524,125.781746,124.843254,122.4781746,122.093254,122.547619,123.4662698,126.047619,128.2321429,130.2936508,133.0793651,136.3134921,138.4940476,137.7698413,145.9702381,145.3174603,143.5972222,140.5,138.5396825,136.3253968,138.8293651,144.265873,145.0992063,140.202381,137.6686508
95,MIB_MID,7,132.9265873,124.3948413,123.5496032,123.625,122.906746,122.6031746,122.2757937,120.2619048,118.4940476,116.8809524,115.9662698,116.2480159,118.1210317,119.1706349,121.0416667,122.9821429,127.7281746,129.3214286,130.0496032,136.4166667,130.7996032,131.7619048,131.3650794,131.3670635,127.9444444,127.8730159,131.5297619,132.047619,130.5694444,130.7876984,131.6388889
96,MIB_DNS,7,138.8829365,143.0575397,141.6230159,139.8194444,140.4285714,139.4146825,138.6686508,137.3174603,135.8571429,133.9821429,133.172619,132.718254,133.0119048,134.6964286,135.5615079,137.5337302,141.3472222,151.5257937,142.6805556,156.8075397,155,156.8789683,152.3511905,144.6031746,139.5039683,140.1388889,146.4087302,146.327381,144.9583333,142.7420635,152.1527778
97,FUB_UPS,7,113.4265873,108.4365079,108.9662698,107.4325397,125.3849206,130.5238095,135.4325397,139.6527778,132.2559524,142.0575397,129.8611111,128.6765873,125.5198413,124.9007937,109.3412698,108.5595238,107.4722222,107.656746,104.7440476,113.6051587,129.031746,120.7261905,115.3293651,104.5396825,104.3095238,104.9880952,102.6349206,103.5694444,101.7162698,104.8293651,106.8154762
98,FUB_MID,7,116.0694444,107.3234127,108.9325397,112.2638889,147.6666667,147.3134921,147.8511905,145.9027778,127.7936508,142.0575397,136.4880952,119.1210317,113.8670635,114.1210317,109.3928571,100.5357143,107.4722222,107.4305556,107.3353175,129.3472222,131.0972222,115.3293651,105.6289683,104.0714286,101.5039683,106.8472222,103.077381,104.1904762,107.3412698,109.5,111.047619
99,FUB_DNS,7,115.2579365,111.0694444,111.0972222,111.6607143,112.4742063,112.2718254,112.6111111,112.9742063,110.5734127,113.2738095,112.8412698,111.2956349,110.3968254,107.0694444,107.125,107.484127,107.2777778,107.8333333,108.8571429,111.9742063,112.6150794,107.625,107.2559524,106.0436508,105.0079365,106.8472222,107.3928571,108.4107143,109.3015873,108.4583333,109.4940476
100,CAB_UPS,7,136.6785714,134.390873,133.7202381,128.4365079,125.8571429,124.1428571,124.5436508,125.7301587,128.0515873,126.5515873,135.4543651,137.5674603,137.7936508,135.9861111,137.9861111,134.6547619,136.0555556,133.7539683,134.1527778,131.5813492,134.5496032,136.7301587,127.1884921,132.9146825,133.9126984,132.5238095,126.7480159,127.6269841,128.1746032,127.0515873,129.4662698
101,CAB_DNS,7,132.7519841,132.4801587,131.6269841,134.3373016,133.7142857,131.0793651,131.5734127,128.7777778,125.7242063,123.5138889,119.3769841,116.6031746,116.390873,117.9146825,118.5178571,118.6031746,119.1210317,119.0496032,119.5138889,120.047619,120.3849206,120.7281746,120.827381,122.2777778,123.7063492,124.7321429,125.5178571,125.1944444,127.4007937,127.6845238,126.9384921
102,PSB_UPS,7,123.6527778,123.218254,123.6507937,121.9047619,123.1785714,125.4920635,127.5376984,128.3988095,127.172619,124.2083333,121.031746,121.3214286,118.1150794,115.9861111,114.2559524,115.1547619,114.9464286,114.4543651,114.2916667,116,116.5396825,115.9444444,116.0416667,115.9325397,116.4960317,116.4305556,116.484127,115.2896825,116.0853175,116.6230159,116.7698413
103,PSB_DNS,7,113.6845238,117.843254,115.6309524,115.3055556,116.390873,116.4484127,116.2103175,115.5456349,115.1686508,113.4880952,112.9206349,112.0416667,110.7261905,109.922619,110.1011905,110.1547619,111.2619048,111.1984127,112.0277778,113.5396825,113.5257937,114.1706349,114.6289683,115.6230159,115.5416667,115.5615079,113.6904762,113.4940476,113.6448413,113.1865079,113.4920635
104,GUN_UPS,7,149.7896825,149.7003968,151.218254,154.343254,147.5813492,149.0496032,154.5198413,146.5674603,147.1170635,141.1746032,145.5833333,146.4345238,151.8829365,147.7162698,145.452381,145.8849206,139.609127,141.2003968,140.6547619,146.5337302,149.0694444,147.422619,142.3829365,129.3531746,137.2321429,147.7242063,136.6904762,130.922619,130.7420635,144.5714286,138.6964286
105,GUN_DNS,7,164.781746,155.3055556,108.9662698,150.1269841,153.3988095,155.9206349,155.4345238,169.8829365,154.5992063,138.172619,138.6369048,130.5198413,145.6071429,158.5456349,143.2083333,154.9464286,137.0416667,129.718254,133.4583333,154.9940476,148.702381,152.1150794,151.9345238,148.4007937,142.8412698,129.3194444,128.2480159,131.859127,126.8769841,128.547619,141.6150794
106,KFB_UPS,8,143.5198413,142.8373016,142.702381,134.8968254,135,140.1428571,140.0079365,140.6130952,139.3095238,138.4563492,139.25,139.2916667,142.7599206,138.6904762,139.7579365,141.6845238,150.4742063,149.4900794,151.9345238,153.7261905,138.5218254,120.7460317,118.6944444,123.8869048,145.0019841,142.3531746,142.8829365,143.6369048,149.6468254,149.484127,143.7261905
107,KFS_MID,8,126.8452381,122.8015873,126.5595238,143.6607143,121.9027778,122.8928571,118.0218254,122.8849206,121.0357143,139.1646825,122.4365079,117.2519841,117.0952381,117.9603175,117.8988095,117.6944444,116.6686508,118.0694444,121.3710317,121.3710317,120.4384921,119.984127,116.2162698,116.4345238,113.9742063,118.9920635,114.734127,113.859127,114.2103175,115.3888889,116.1805556
108,KFS_DNS,8,152.2876984,142.0198413,140.3253968,143.6607143,139.7916667,141.0337302,136.827381,139.1448413,138.8134921,139.1646825,139.5912698,139.2361111,122.5515873,113.875,124.4761905,137.4623016,128.6626984,133.8015873,139.3492063,140.6746032,141.2103175,137.4345238,137.5615079,129.5793651,125.6527778,125.8353175,126.8472222,128.9801587,136.3373016,127.8968254,126.8373016
109,MIB_UPS,8,135.6964286,133.5436508,131.9007937,132.4404762,133.6468254,131.6428571,135.5515873,130.9087302,129.9761905,132.9642857,129.625,129.1587302,126.8511905,133.4940476,134.4742063,133.7222222,131.3531746,133.8789683,133.8253968,131.0912698,130.6289683,130.7916667,133.0952381,130.3194444,130.5138889,132.5555556,132.3095238,129.5734127,131.2123016,128.6626984,131.5694444
110,MIB_MID,8,136.8968254,122.4761905,121.1011905,120.3015873,121.3333333,123.1369048,133.4305556,144.5456349,133.3571429,142.0178571,143.4603175,145.8214286,136.968254,129.3829365,138.4781746,132.0892857,128.0615079,136.7222222,143.6051587,146.3769841,146.4305556,135.2718254,140.515873,148.9285714,145.6904762,136.0535714,134.0357143,131.3452381,145.0912698,146.4325397,148.468254
111,MIB_DNS,8,139.3968254,145.2460317,131.9781746,142.7361111,144.031746,145.3511905,147.5496032,157.2142857,134.9960317,154.5793651,148.2242063,149.3829365,150.6805556,153.4920635,151.9047619,144.2797619,145.9126984,128.4206349,158.109127,136.4305556,150.2837302,146.0714286,146.6488095,144.6964286,151.1369048,160.5396825,144.6507937,143.2916667,143.5615079,154.2281746,150.6210317
112,FUB_UPS,8,130.1845238,136.2619048,129.1785714,128.7261905,128.9107143,126.3174603,136.2956349,134.1666667,131.0714286,132.0694444,128.531746,132.1488095,133.5892857,132.406746,135.6706349,136.1507937,136.3928571,131.7876984,132.7083333,131.8650794,135.0734127,136.7380952,141.2162698,142.1468254,140.9940476,134.4484127,134.2123016,113.7857143,129.3392857,105.4007937,127.0396825
113,FUB_MID,8,139.625,121.1865079,133.3551587,128.8809524,134.1984127,131.9642857,131.4781746,134.7619048,132.718254,129.2619048,135.8154762,131.8670635,131.0238095,133.1924603,136.3511905,136.2678571,140.1964286,138.843254,138.9365079,124.5396825,130.0753968,134.0992063,134.2123016,129.3730159,116.0833333,127.6904762,117.5753968,119.6329365,136.1170635,137.9563492,128.7003968
114,FUB_DNS,8,141.6111111,141.9146825,143.7162698,145.4126984,143.6984127,144.4246032,143.5873016,143.0257937,144.7043651,145.968254,145.9384921,143.3115079,145.1111111,146.0416667,140.9861111,143.3075397,144.9464286,146.1448413,146.0873016,145.1507937,145.375,143.3948413,145.1984127,145.4265873,144.5396825,145.7162698,143.4345238,145.0297619,145.6904762,143.3253968,142.9781746
115,CAB_UPS,8,135.5257937,130.7757937,129.5714286,131.8333333,126.7380952,126.1170635,139.3214286,110.2619048,124.0138889,127.2162698,135.0337302,125.1587302,122.25,135.4940476,124.234127,128.6964286,125.640873,126.8670635,129.3392857,124.8511905,128.4484127,130.859127,131.1111111,129.218254,124.9920635,126.7261905,124.8134921,128.5496032,132.109127,124.5813492,133.1706349
116,CAB_DNS,8,135.8015873,137.781746,129.484127,129.8115079,142.6011905,125.875,116.7142857,131.984127,137.1587302,124.2162698,140.6289683,153.0238095,141.0436508,137.7519841,129.7638889,131.8809524,136.0138889,137.0674603,134.1130952,137.9444444,138.7003968,140.4642857,140.1785714,142.3373016,137.0595238,137.3353175,130.3234127,126.8095238,129.1607143,136.3670635,133.3571429
117,PSB_UPS,8,,,,,,,,,,,,,,,,,,,,,,,,,,,,,,,
118,PSB_DNS,8,146.0079365,141.0257937,143.1666667,143.7797619,144.5079365,145.4543651,145.4702381,143.8650794,143.9484127,143.3948413,143.0615079,145.2380952,146.093254,145.2777778,147.2757937,145.4107143,146.4801587,140.0297619,145.1031746,142.7083333,143.0833333,145.4265873,146.2519841,147.672619,147.1666667,147.2619048,144.5734127,145.5972222,135.3472222,142.6785714,132.7380952
119,GUN_UPS,8,120.5873016,117.656746,116.3095238,116.1785714,114.2261905,113.1686508,115.2321429,116.5753968,113.4424603,136.1150794,134.7996032,122.4801587,122.1785714,113.875,133.7361111,117.9960317,126.2857143,118.827381,138.4265873,140.4960317,141.2619048,140.0734127,141.0972222,141.2579365,,,,,,,
120,GUN_DNS,8,152.2420635,150.7202381,153.7738095,157.4444444,156.0952381,155.5555556,152.9821429,159.8373016,154.8968254,156.3134921,143.093254,143.7916667,155.6210317,149.9503968,156.4305556,148.5714286,153.625,154.0654762,149.7638889,149.3710317,148.7083333,149.422619,148.5277778,147.6984127,146.5615079,145.8095238,144.6309524,144.7003968,146.7301587,145.1706349,146.1031746
121,KFB_UPS,9,108.8988095,115.6785714,111.9761905,110.4027778,112.422619,111.656746,109.4325397,113.5892857,119.7261905,108.6686508,109.9623016,116.6031746,114.672619,120.8630952,123.9900794,126.9404762,129.5337302,131.9325397,134.3769841,119.9365079,127.5753968,124.5634921,124.3551587,122.5019841,123.5138889,118.8253968,119.1369048,121.7757937,117.8789683,122.7380952,116.1587302
122,KFS_MID,9,122.8968254,121.7103175,127.4781746,124.9821429,127.0376984,118.0138889,123.9543651,123.9543651,121.327381,135.1547619,130.6289683,126.9940476,126.8611111,109.9702381,112.0119048,111.7916667,106.9424603,107.8611111,108.2361111,111.015873,110.4742063,110.8134921,109.8412698,108.0059524,107.1507937,109.281746,108.2599206,110.6904762,107.4980159,109.9563492,103.1111111
123,KFS_DNS,9,121.343254,119.4126984,123.9484127,118.3968254,116.0714286,121.75,116.3134921,116.4543651,116.9404762,120.8055556,118.3253968,113.718254,109.9325397,111.6527778,110.1369048,110.8253968,108.8888889,109.2380952,111.7162698,111.5456349,110.7460317,102.1865079,97.9781746,104.6011905,99.56944444,100.484127,99.21825397,100.1686508,103.4027778,100.2083333,100.1686508
124,MIB_UPS,9,138.640873,136.2123016,137.2718254,136.0873016,123.1448413,131.4464286,135.7460317,134.1349206,135.4047619,134.7261905,133.8710317,133.0892857,134.8452381,132.8194444,136.3234127,134.2043651,133.0992063,134.7261905,136.4384921,133.2063492,134.2103175,135.4265873,131.9920635,133.1547619,134.1349206,133.2003968,134.9345238,132.1190476,133.8511905,137.0793651,134.1011905
125,MIB_MID,9,132.3333333,130.4861111,130.8571429,131.1448413,128.2956349,129.2777778,129.297619,129.0654762,129.7956349,127.7480159,128.5634921,128.6904762,128.8551587,128.9146825,128.1746032,127.8293651,127.3571429,128.7936508,126.8571429,126.8035714,126.9285714,128.0793651,127.5992063,127.6190476,126.9424603,127.1845238,127.9662698,126.3095238,126.7757937,126.7757937,126.952381
126,MIB_DNS,9,151.8412698,145.6805556,145.5297619,144.9920635,145.5892857,142.8154762,143.7579365,141.9384921,142.8194444,141.1746032,142.6964286,142.0039683,142.7916667,140.4662698,141.4265873,141.1865079,139.3373016,136.9444444,137.4107143,137.6170635,135.4980159,134.3670635,134.1210317,135.1865079,134.6190476,134.0059524,134.5674603,131.9880952,132.2579365,131.9246032,132.3194444
127,FUB_UPS,9,144.1507937,130.3670635,140.125,148.4365079,141.5436508,141.5813492,131.1369048,134.8511905,130.702381,132.0456349,131.547619,131.718254,131.577381,133.6309524,130.8670635,138.9781746,140.4007937,135.265873,137.0972222,140.1884921,139.5714286,133.4623016,136.6805556,139,131.906746,138.3412698,138.8412698,137.0218254,135.6289683,139.7063492,137.4503968
128,FUB_MID,9,143.9027778,135.2777778,129.4662698,128.6527778,109.9861111,103.2579365,110.3928571,118.6170635,105.4861111,97.06944444,101.9007937,100.8154762,100.422619,91.58730159,106.7301587,100.2361111,102.9861111,93.50198413,104.2123016,103.8452381,93.06547619,88.76388889,101.531746,101.6884921,97.28968254,100.8055556,97.8452381,100.8611111,103.4146825,96.6547619,103.3710317
129,FUB_DNS,9,146.0575397,137.8730159,136.9345238,141.9563492,141.4265873,139.3531746,140.9047619,146.9583333,142.1805556,137.5297619,140.0634921,139.8035714,139.0912698,137.1190476,145.8769841,134.5456349,125.797619,131.1666667,129.4503968,137.3730159,127.890873,134.6666667,135.5992063,126.4365079,120.7142857,121.1170635,124.4920635,123.4047619,117.7063492,116.4662698,112.8174603
130,CAB_UPS,9,125.0079365,121.5238095,125.9880952,124.3611111,122.8829365,124.093254,122.640873,122.9702381,121.672619,122.8333333,122.4345238,122.0138889,123.6666667,123.702381,121.093254,122.5257937,120.2281746,123.8531746,124.0496032,126.8412698,123.1448413,124.0972222,124.2460317,122.5218254,126.6111111,124.6984127,122.9305556,121.468254,121.468254,121.468254,121.468254
131,CAB_DNS,9,130.3670635,112.2956349,122.0714286,120.8789683,117.156746,123.656746,116.6607143,118.6230159,116.875,115.1706349,114.281746,120.6706349,124.2261905,123.7916667,115.859127,119.0535714,120.2857143,128.3234127,130.2361111,133.0793651,131.4444444,132.906746,136.4126984,131.5873016,129.9642857,127.890873,125.5813492,128.0753968,119.6309524,124.4027778,118.2698413
132,PSB_UPS,9,108.1527778,107.6031746,105.3392857,98.64484127,96.23015873,95.76785714,94.71428571,89.46230159,89.03373016,87.74801587,81.49206349,79.87698413,79.16468254,77.75595238,76.56944444,76.5734127,74.89087302,76.19444444,76.98611111,75.82738095,76.76587302,78.81746032,78.30753968,79.92857143,81.93849206,92.19047619,91.70436508,80.79563492,81.73412698,78.47619048,82.57142857
133,PSB_DNS,9,95.60912698,93.50793651,93.74404762,94.18055556,94.74206349,91.6984127,90.89285714,89.06746032,87.35714286,89.32738095,88.95634921,88.76190476,87.76785714,88.1984127,89.98015873,88.85714286,87.0515873,86.26388889,86.73412698,87.30952381,87.69246032,86.12698413,85.02380952,84.88492063,84.33333333,84.73611111,87.04166667,82.41666667,83.66071429,83.28769841,81.98809524
134,GUN_UPS,9,122.5912698,118.140873,118.1011905,117.3650794,117.9246032,119.3511905,119.2738095,118.4742063,117.5654762,115.6230159,118.7063492,120.2123016,119.4285714,117.7162698,118.1686508,117.8690476,119.5456349,117.8452381,118.0337302,117.3452381,116.5277778,119.1706349,119.0595238,117.0654762,118.0496032,116.9603175,118.5456349,114.9722222,117.109127,117.4126984,119.2896825
135,GUN_DNS,9,146.6785714,153.5575397,153.9285714,155.3511905,156.8690476,155.9642857,153.4761905,155.1071429,156.468254,152.7321429,151.8690476,150.9821429,150.3829365,152.1865079,152.3730159,152.9980159,150.6051587,148.5793651,147.5059524,145.7142857,145.484127,147.2003968,145.015873,146.1785714,146.5376984,146.7202381,145.843254,142.3650794,142.2936508,141.7162698,143.7757937
136,KFB_UPS,10,123.2797619,122.1646825,121.4285714,121.3115079,120.734127,121.234127,123.781746,124.4880952,125.1607143,126.1587302,127.7083333,128.734127,130.1309524,131.0595238,132.5952381,132.406746,132.8730159,134.2361111,135.3650794,135.8373016,135.8115079,135.1388889,139.8353175,141.172619,140.4821429,143.1984127,143.718254,143.2361111,142.9464286,140.3849206,139.8690476
137,KFS_MID,10,,,,,,,,,,,,,,,,,,,,,,,,,,,,,,,
138,KFS_DNS,10,127.531746,128.7162698,130.0138889,131.7063492,130.9861111,131.7281746,131.7242063,132.25,133.4980159,132.9186508,133.7380952,133.2559524,134.2519841,133.3392857,131.7003968,132.1011905,131.4623016,133.0654762,131.2222222,128.8690476,132.6388889,132.7619048,131.3293651,134.047619,130.9861111,132.3769841,132.9265873,131.9484127,130.2896825,131.3988095,132.8293651
139,MIB_UPS,10,153.234127,146.4047619,145.390873,146.0853175,144.9940476,144.9246032,144.9246032,144.9246032,144.9246032,144.9246032,144.9246032,144.9246032,144.9246032,144.9246032,144.9246032,144.9246032,144.9246032,144.9246032,145.5912698,145.4444444,145.4821429,146.2103175,146.1666667,144.7480159,145.156746,145.2738095,144.5059524,145.4503968,144.9007937,145.0694444,145.218254
140,MIB_MID,10,155.6607143,146.9305556,147.6964286,145.0892857,146.3214286,145.7797619,146.7916667,145.6388889,146.9861111,145.6448413,145.9821429,145.6071429,145.4365079,145.4702381,146.515873,147.093254,145.1051587,145.7063492,145.0376984,145.5218254,144.0019841,145.3253968,144.0833333,144.7301587,145.5079365,145.7281746,145.1011905,144.9801587,144.6587302,145.3630952,144.3115079
141,MIB_DNS,10,162.0496032,157.9761905,155.6825397,154.9920635,155.7698413,155.593254,154.3630952,154.4464286,155.2857143,155.2857143,155.2857143,155.2857143,155.2857143,155.2857143,155.2857143,155.2857143,155.2857143,155.2857143,153.8353175,152.5813492,152.3869048,151.4484127,153.0119048,152.8650794,154.1170635,154.234127,155.4265873,153.984127,153.8313492,154.4325397,153.3869048
142,FUB_UPS,10,112.0654762,114.2638889,116.593254,112.7956349,112.390873,110.343254,106.7301587,108.2321429,109.6468254,108.3293651,107.2202381,105.0119048,106.9345238,106.4722222,100.9761905,106.2400794,105.7242063,106.7857143,104.9603175,101.1150794,106.1190476,104.4662698,106.8630952,107.7281746,110.077381,109.8551587,101.8948413,102.0753968,100.8571429,98.16071429,94.20833333
143,FUB_MID,10,95.24603175,94.26388889,93.73809524,110.3095238,88.98412698,104.1706349,91.02579365,97.20634921,96.73412698,102.9583333,108.6765873,97.16468254,101.9880952,107.0039683,108.3253968,98.4484127,99.61111111,92.27777778,86.12896825,97.01388889,96.21230159,106.6964286,105.0615079,107.8650794,105.8035714,105.9761905,106.5515873,105.3849206,110.1448413,105.1190476,108.9702381
144,FUB_DNS,10,94.0734127,86.69047619,86.5734127,88.07738095,88.29365079,88.80753968,89.32738095,89.90674603,90.70634921,92.64285714,96.50396825,99.24007937,105.4722222,106.6825397,110.8075397,111.5,110.6428571,109.281746,106.8690476,104.7440476,107.3174603,106.4543651,107.9484127,108.1865079,107.922619,108.7718254,108.8551587,109.9920635,108.8055556,109.5813492,110.5138889
145,CAB_UPS,10,,,,,,,,,,,,,,,,,,,,,,,,,,,,,,,
146,CAB_DNS,10,,,,,,,,,,,,,,,,,,,,,,,,,,,,,,,
147,PSB_UPS,10,129.3174603,126.9563492,126.3234127,126.3849206,126.640873,126.9365079,125.5714286,126.3115079,124.8015873,125.4623016,126.4345238,126.6984127,126.5873016,126.6269841,126.640873,126.640873,126.640873,126.640873,114.5376984,112.5357143,110.8373016,115.4940476,124.609127,125.9146825,125.6964286,125.6845238,125.202381,125.2956349,124.7857143,125.0297619,124.8452381
148,PSB_DNS,10,144.9742063,143.0238095,142.9603175,142.7857143,142.2202381,142.5099206,142.8293651,142.2916667,139.1964286,138.7916667,140.3035714,140.3353175,142.1825397,143.1805556,143.5238095,143.1686508,143.1190476,140.1924603,130.1488095,123.6666667,122.5257937,121.609127,136.9920635,143.7043651,144.1507937,144.3769841,144.4365079,144.9444444,145.1547619,145.922619,143.672619
149,GUN_UPS,10,,,,,,,,,,,,,,,,,,,,,,,,,,,,,,,
150,GUN_DNS,10,164.9623016,169.4702381,169.4384921,169.5099206,169.8095238,169.9087302,169.593254,169.406746,169.8154762,168.7083333,168.0337302,155.0257937,155.1488095,154.8373016,153.2718254,154.4583333,154.7281746,154.859127,155.6369048,153.6706349,154.077381,153.3551587,153.2896825,154.0218254,153.6309524,154.4305556,153.9047619,154.1746032,153.9345238,156.7301587,153.2361111
151,KFB_UPS,11,151.6111111,142.9920635,140.1448413,139.6805556,142.952381,143.5853175,143.4702381,143.3789683,143.5138889,143.4761905,143.4920635,145.1170635,142.1527778,141.2222222,138.8511905,143.047619,122.5456349,125.6309524,137.8888889,138.2301587,135.3392857,138.2956349,116.859127,133.5297619,129.0396825,117.9821429,136.9920635,127.0595238,122.4087302,140.4583333,141.5436508
152,KFS_MID,11,142.0059524,139.3095238,136.3134921,136.9365079,137.8690476,138.2698413,137.4047619,136.8253968,137.9742063,138.6746032,135.6210317,135.3571429,136.8174603,136.3948413,136.2797619,134.2142857,125.4900794,125.9126984,131.8531746,132.781746,126.8630952,130.7361111,124.9960317,133.2738095,128.7539683,124.1607143,130.1587302,127.1210317,129.5376984,129.3035714,127.8313492
153,KFS_DNS,11,139.547619,141.2222222,138.7579365,139.5456349,141.375,139.4761905,143.0019841,143.6150794,143.7757937,141.5099206,139.3710317,136.9583333,138.4246032,142.9126984,139.3313492,141.3928571,137.6448413,133.8869048,141.8253968,132.7083333,132.5396825,138.7083333,134.0218254,136.7043651,140.0059524,139.6011905,137.5992063,135.4742063,130,134.6269841,133.0734127
154,MIB_UPS,11,149.3452381,146.8551587,145.0277778,144.9146825,142.7063492,144.4464286,158.6011905,144.984127,143.9920635,143.8730159,143.0813492,141.6865079,144.4166667,144.4166667,144.4166667,144.4166667,144.4166667,144.4166667,144.3095238,142.7738095,143.4087302,147.9107143,148.2738095,147,147.7043651,140.2996032,140.8630952,147.1785714,143.4940476,139.2579365,138.8928571
155,MIB_MID,11,134.422619,132.1547619,131.5416667,132.0019841,131.4880952,129.3988095,135.3888889,130.5992063,130.2261905,131.6785714,130.0992063,131.4642857,130.9107143,131.0496032,129.7837302,130.1904762,131.1269841,130.468254,131.3134921,130.5555556,129.1547619,134.6805556,126.6170635,133.7837302,133.6488095,128.234127,130.8214286,134.8769841,131.9980159,130.0039683,129.8472222
156,MIB_DNS,11,121.1309524,126.3670635,134.8511905,123.3452381,135.9702381,137.3531746,134.3710317,116.8214286,128.0376984,138.3611111,129.8313492,129.2400794,128.6507937,139.1507937,142.7876984,136.4305556,140.8472222,117.3789683,123.8015873,136.3035714,134.8313492,122.875,123.6190476,127.2678571,122.6011905,133.8531746,121.0912698,140.8988095,137.8551587,132.0654762,134.9900794
157,FUB_UPS,11,129.3928571,122.968254,127.9305556,122.8452381,122.0992063,123.7619048,120.1031746,119.8948413,118.4107143,119.4464286,119.9880952,128.8571429,127.1884921,126.3988095,131.6111111,122.8055556,124.0357143,127.0972222,126.8035714,126.640873,126.5555556,126.1269841,125.7678571,126.8313492,130.359127,131.7003968,131.2857143,132.4702381,131.1686508,132.7281746,131.5714286
158,FUB_MID,11,130.4087302,135.2599206,124.4821429,123.9940476,127.968254,123.1230159,124.1170635,122.4027778,121.8789683,121.2003968,121.0714286,128.0496032,121.2678571,126.9424603,121.8968254,123.390873,123.125,113.9543651,118.5674603,111.5892857,114.4662698,115.8988095,116.2539683,114.4365079,117.718254,119.0833333,116.6448413,114.8373016,107.1865079,112.7103175,112.1507937
159,FUB_DNS,11,111.2460317,114.1964286,108.1051587,100.4900794,97.2718254,105.2460317,102.7321429,115.4424603,106.5535714,100.3234127,102.9305556,93.51984127,96.78968254,96.6547619,95.87301587,94.82142857,102.2936508,92.50198413,98.85714286,93.64087302,90.77777778,102.4920635,97.55555556,98.21031746,104.922619,103.4662698,102.6547619,102.0575397,103.8670635,103.5099206,105.6369048
160,CAB_UPS,11,,,,,,,,,,,,,,,,,,,,,,,,,,,,,,,
161,CAB_DNS,11,,,,,,,,,,,,,,,,,,,,,,,,,,,,,,,
162,PSB_UPS,11,107.6805556,108.140873,107.7559524,108.8650794,108.0039683,108.4980159,107.9047619,106.7301587,107.3472222,107.1150794,105.5555556,107.3829365,104.2857143,104.3611111,103.75,102.906746,102.7242063,103.234127,103.0119048,103.0059524,103.1488095,102.7777778,102.1369048,101.9742063,102.9345238,102.0793651,102.8472222,103.3650794,104.4325397,104.1388889,103.5456349
163,PSB_DNS,11,122.6369048,116.9900794,112.5138889,111.4007937,111.5337302,111.0297619,110.9424603,110.7162698,110.5753968,110.2698413,111.0178571,109.7242063,108.0793651,107.8571429,107.5416667,107.375,107.7599206,107.7480159,107.1845238,107.1488095,108.7400794,109.4404762,110.9861111,110.2678571,109.1369048,110.3412698,107.8154762,105.7619048,105.9920635,105.484127,105.5892857
164,GUN_UPS,11,120.7698413,115.8392857,119.1686508,117.5198413,117.8373016,116.4404762,114.968254,117.9087302,118.7698413,120.2678571,119.0853175,124.4761905,120.9563492,120.0952381,121.5277778,119.4801587,120.4305556,114.656746,116.9484127,117.4126984,117.4126984,117.4126984,117.4126984,117.4126984,117.4126984,117.4126984,117.4126984,117.4126984,117.4126984,117.4126984,117.4126984
165,GUN_DNS,11,151.8730159,164.6964286,168.6289683,167.0257937,168.5456349,160.7916667,155.6884921,155.8551587,154.0337302,154.8075397,152.1706349,147.875,141.2142857,143.7539683,126.3412698,133.5238095,148.327381,140.4920635,144.7103175,149.0813492,149.3829365,150.5238095,149.3849206,146.6349206,139.906746,137.1884921,138.9265873,144.7043651,145.3531746,145.4563492,145.4543651
